S#,name,category,,ignore,Uom,quantity,ignore,UoM,size,tag_no,Current Location,Servicing Frequency,Last Serviced,Servicing due date,Servicing Type,Serviced By,Status,Responsible Person ,Calibration Frequency,Remarks
1,Pressure Regulator Argon Pressure Guage - Victor,Welding,T,12,unit,12 unit,,, ,,,,,,,,,,,
2,Pressure Regulator Argon/Co2 Pressure Guage - Victor,Welding,T,,unit, unit,,, ,,,,,,,,,,,
3,Pressure Regulator Oxygen Pressure Guage - Victor,Welding,T,4,unit,4 unit,,, ,,,,,,,,,,,
4,Pressure Regulator Acetylene Pressure Guage - Victor,Welding,T,4,unit,4 unit,,, ,,,,,,,,,,,
5,Motorola XPR 3300e - Radio With Accessories & Extra Batteries,Electrical,T,25,unit,25 unit,,, ,,,,,,,,,,,
6,Lincoln Remote Control ,Welding,T,6,unit,6 unit,,, ,,,,,,,,,,,
7,Cargo Basket c/w slings and shackles,Basket,T,1,unit,1 unit,4ft x 20ft,,4ft x 20ft ,,,,,,,,,,,
8,Cargo Basket c/w slings and shackles,Basket,T,1,unit,1 unit,4ft x 20ft,,4ft x 20ft ,,,,,,,,,,,
9,Cargo Basket c/w slings and shackles,Basket,T,1,unit,1 unit,4ft x 20ft,,4ft x 20ft ,,,,,,,,,,,
10,Cargo Basket c/w slings and shackles,Basket,T,1,unit,1 unit,4ft x 20ft,,4ft x 20ft ,,,,,,,,,,,
11,Cargo Basket c/w slings and shackles,Basket,T,1,unit,1 unit,Inches,,Inches ,,,,,,,,,,,
12,Cargo Basket c/w slings and shackles,Basket,T,1,unit,1 unit,8ft x 20ft,,8ft x 20ft ,,,,,,,,,,,
13,Cargo Basket c/w slings and shackles,Basket,T,1,unit,1 unit,4ft x 20ft,,4ft x 20ft ,,,,,,,,,,,
14,Cargo Basket c/w slings and shackles,Basket,T,1,unit,1 unit,4ft x 20ft,,4ft x 20ft ,,,,,,,,,,,
15,Argon Rack c/w 10 cylinders & sling,Welding,T,1,unit,1 unit,,, ,ARL/RAC/ARG/001,,,,,,,,,,
16,Argon Rack c/w 10 cylinders & sling,Welding,T,1,unit,1 unit,,, ,ARL/RAC/ARG/002,,,,,,,,,,
17,Argon Rack c/w 6 cylinders & sling,Welding,T,1,unit,1 unit,,, ,AL/GR/008,,,,,,,,,,
18,Argon Rack c/w 6 cylinders & sling,Welding,T,1,unit,1 unit,,, ,AL/GR/011,,,,,,,,,,
19,Argon Rack c/w 6 cylinders & sling,Welding,T,1,unit,1 unit,,, ,AL/GR/010,,,,,,,,,,
20,Acetylene Rack c/w 6 cylinders & sling,Welding,T,1,unit,1 unit,,, ,AL/GR/009,,,,,,,,,,
21,Acetylene Rack c/w 4 cylinders & sling,Welding,T,1,unit,1 unit,,, ,ARI/RAC/ACE/001,,,,,,,,,,
22,Oygen Rack c/w 8 cylinders & sling,Welding,T,1,unit,1 unit,,, ,AL/GR/005,,,,,,,,,,
23,Oygen Rack c/w 6 cylinders & sling,Welding,T,1,unit,1 unit,,, ,AL/GR/002,,,,,,,,,,
24,Oygen Rack c/w 8 cylinders & sling,Welding,T,1,unit,1 unit,,, ,AL/GR/004,,,,,,,,,,
25,Energy Saving Lamp,Electrical,T,1,Pcs,1 Pcs,,, ,,,,,,,,,,,
26,TIG Head Host Gauge,Welding,T,1,Pcs,1 Pcs,,, ,,,,,,,,,,,
27,Welding Mask,Welding,T,1,Pcs,1 Pcs,,, ,,,,,,,,,,,
28,Painting Tray,Painting,T,2,Pcs,2 Pcs,,, ,,,,,,,,,,,
29,Welding Electrode (Quiver),Welding,T,1,Pcs,1 Pcs,,, ,,,,,,,,,,,
30,Industrial Light Stand,Electrical,T,1,Pcs,1 Pcs,,, ,,,,,,,,,,,
31,Industrial Light (Long),Electrical,T,2,Pcs,2 Pcs,"23"" X 6""",,"23"" X 6"" ",,,,,,,,,,,
32,Industrial Light (Short),Electrical,T,2,Pcs,2 Pcs,"23"" X 6""",,"23"" X 6"" ",,,,,,,,,,,
33,U-Bolt/Black Hose Protection,Fitting,T,15,Pcs,15 Pcs,"2"" X 10mm",,"2"" X 10mm ",,,,,,,,,,,
34,U-Bolt/Black Hose Protection,Fitting,T,34,Pcs,34 Pcs,"4 1/2"" X 12mm",,"4 1/2"" X 12mm ",,,,,,,,,,,
35,U-Bolt/Black Hose Protection,Fitting,T,2,Pcs,2 Pcs,"2 1/2"" X 10mm",,"2 1/2"" X 10mm ",,,,,,,,,,,
36,U-Bolt Without Protection,Fitting,T,4,Pcs,4 Pcs,"1 1/2"" X 8mm",,"1 1/2"" X 8mm ",,,,,,,,,,,
37,U-Bolt Without Protection,Fitting,T,25,Pcs,25 Pcs,"2 1/2"" X 10mm",,"2 1/2"" X 10mm ",,,,,,,,,,,
38,Stainless (U Bolt),Fitting,T,59,Pcs,59 Pcs,"2"" X 10mm",,"2"" X 10mm ",,,,,,,,,,,
39,Stainless (U Bolt),Fitting,T,31,Pcs,31 Pcs,"4 1/2"" X 12mm",,"4 1/2"" X 12mm ",,,,,,,,,,,
40,Electrical Industrial Socket,Electrical,T,4,Pcs,4 Pcs,,, ,,,,,,,,,,,
41,Electrical Industrial Plug (Male),Electrical,T,10,Pcs,10 Pcs,,, ,,,,,,,,,,,
42,Electrical Industrial Plug (Male),Electrical,T,10,Pcs,10 Pcs,,, ,,,,,,,,,,,
43,Electrical Industrial Plug (Male),Electrical,T,5,Pcs,5 Pcs,,, ,,,,,,,,,,,
44,Electrical Industrial Socket,Electrical,T,5,Pcs,5 Pcs,,, ,,,,,,,,,,,
45,Electrical Industrial Plug,Electrical,T,7,Pcs,7 Pcs,,, ,,,,,,,,,,,
46,Acetylyn Nipple,Welding,T,20,Pcs,20 Pcs,,, ,,,,,,,,,,,
47,Oxygen Nipple,Welding,T,20,Pcs,20 Pcs,,, ,,,,,,,,,,,
48,Keel Green Plant,Safety,T,6,Pcs,6 Pcs,5 Litres,,5 Litres ,,,,,,,,,,,
49,Life Jacket,Safety,T,72,Pcs,72 Pcs,,, ,,,,,,,,,,,
50,Scaffolding Waist Belt,Scaffolding,T,10,Pcs,10 Pcs,,, ,,,,,,,,,,,
51,Scaffolding Waist Belt,Scaffolding,T,4,Pcs,4 Pcs,,, ,,,,,,,,,,,
52,Eye Wash,Safety,T,2,Pcs,2 Pcs,,, ,,,,,,,,,,,
53,Coolers,Safety,T,4,Pcs,4 Pcs,,, ,,,,,,,,,,,
54,Twin Welding Hose,Welding,T,3,Rolls,3 Rolls,6mm X 100mm,,6mm X 100mm ,,,,,,,,,,,
55,Oxygen And Acetylyn (Complete),Welding,T,3,,3 ,100m,,100m ,,,,,,,,,,,
56,Welding Air Host (Pre-Heating),Welding,T,1,,1 ,,, ,,,,,,,,,,,
57,Purging Hose,Welding,T,1,,1 ,,, ,,,,,,,,,,,
58,Powerful Ventilating Fan,Fitting,T,2,Pcs,2 Pcs,,, ,,,,,,,,,,,
59,(Prof) (Gol329) Levelling Instrument,Fitting,T,1,Pcs,1 Pcs,,, ,,,,,,,,,,,
60,Straight/    Grinders,Fitting,T,10,Pcs,10 Pcs,,, ,,,,,,,,,,,
61,Electrical Cable Tray,Electrical,T,2,Pcs,2 Pcs,,, ,,,,,,,,,,,
62,Diamond (Purging Host),Welding,T,12,Rolls,12 Rolls,"1/4"" X 2.0mm X 50m",,"1/4"" X 2.0mm X 50m ",,,,,,,,,,,
63,Painting Apron,Painting,T,11,Pcs,11 Pcs,162-200cm,,162-200cm ,,,,,,,,,,,
64,Oxygen Gauges,Welding,T,4,Pcs,4 Pcs,,, ,,,,,,,,,,,
65,Acetlynene Gauges,Welding,T,4,Pcs,4 Pcs,,, ,,,,,,,,,,,
66,Argon/Tig Gauges,Welding,T,12,Pcs,12 Pcs,,, ,,,,,,,,,,,
67,Welding Mechine Remote Control,Welding,T,6,Pcs,6 Pcs,,, ,,,,,,,,,,,
68,Scaffold Tag,Scaffolding,T,58,Pcs,58 Pcs,,, ,,,,,,,,,,,
69,Painting Hand Brush,Painting,T,52,Pcs,52 Pcs,,, ,,,,,,,,,,,
70,Painting Roller With Steel Handle,Painting,T,60,Pcs,60 Pcs,"2"" X 8""",,"2"" X 8"" ",,,,,,,,,,,
71,Painting Rolling Stick,Painting,T,16,Pcs,16 Pcs,"2"" X 8""",,"2"" X 8"" ",,,,,,,,,,,
72,Welding Lead Assembly,Welding,T,15,,15 ,70mm X 30m,,70mm X 30m ,,,,,,,,,,,
73,Welding Lead Assembly,Welding,T,1,,1 ,70mm x 30m,,70mm x 30m ,,,,,,,,,,,
74,Welding Lead Assembly,Welding,T,10,,10 ,70mm X 15m,,70mm X 15m ,,,,,,,,,,,
75,Welding Lead Assembly,Welding,T,1,,1 ,70mm X 15m,,70mm X 15m ,,,,,,,,,,,
76,Welding Lead Assembly,Welding,T,1,,1 ,70mm X 37ft.,,70mm X 37ft. ,,,,,,,,,,,
77,Welding Lead Assembly,Welding,T,1,,1 ,70mm X 33ft.,,70mm X 33ft. ,,,,,,,,,,,
78,Welding Lead Assembly,Welding,T,2,,2 ,70mm X 23ft.,,70mm X 23ft. ,,,,,,,,,,,
79,Welding Lead Assembly,Welding,T,2,,2 ,70mm X 17ft.,,70mm X 17ft. ,,,,,,,,,,,
80,Welding Lead Assembly,Welding,T,2,,2 ,70mm X 12ft.,,70mm X 12ft. ,,,,,,,,,,,
81,Welding Lead Assembly,Welding,T,20,,20 ,70mm x 30m,,70mm x 30m ,,,,,,,,,,,
82,Complete Welding Handle,Welding,T,2,,2 ,11mm X 8ft.,,11mm X 8ft. ,,,,,,,,,,,
83,Complete Welding Handle,Welding,T,1,,1 ,11mm X 8ft.,,11mm X 8ft. ,,,,,,,,,,,
84,Complete Welding Handle,Welding,T,2,,2 ,70mm X 4ft.,,70mm X 4ft. ,,,,,,,,,,,
85,Welding Earth With Connector,Welding,T,5,,5 ,70mm X 2ft.,,70mm X 2ft. ,,,,,,,,,,,
86,Armored Cable,Electrical,T,1,,1 ,"2""",,"2"" ",,,,,,,,,,,
87,Extension Cord With Socket Both End,Electrical,T,3,,3 ,75ft.,,75ft. ,,,,,,,,,,,
88,Extension Cord With Socket Both End,Electrical,T,1,,1 ,65ft.,,65ft. ,,,,,,,,,,,
89,Extension Cord With Socket Both End,Electrical,T,1,,1 ,66ft.,,66ft. ,,,,,,,,,,,
90,Extension Cable Drum ,Electrical,T,1,,1 ,175ft.,,175ft. ,,,,,,,,,,,
91,Extension Cord Yellow Type,Electrical,T,4,,4 ,100ft.,,100ft. ,,,,,,,,,,,
92,Extension Cord Yellow Type,Electrical,T,1,,1 ,65ft.,,65ft. ,,,,,,,,,,,
93,Extension Cord Yellow Type,Electrical,T,1,,1 ,42ft.,,42ft. ,,,,,,,,,,,
94,Extension Cord Yellow Type,Electrical,T,1,,1 ,464ft.,,464ft. ,,,,,,,,,,,
95,Carbide Hole Cutter,Fitting,T,1,Pcs,1 Pcs,"1/2""",,"1/2"" ",,,,,,,,,,,
96,Carbide Hole Cutter,Fitting,T,1,Pcs,1 Pcs,"1-1/8""",,"1-1/8"" ",,,,,,,,,,,
97,Pilot Pin For Tungsten,Fitting,T,-,-,- -,"1-3/8""",,"1-3/8"" ",,,,,,,,,,,
98,Rain-Boot,Safety,T,22,Pair,22 Pair,,, ,,,,,,,,,,,
99,Power Brush,Fitting,T,1,Catoons,1 Catoons,,, ,,,,,,,,,,,
100,Flange Carrier,Mechanical,T,2,Pcs,2 Pcs,1TON,,1TON ,,,,,,,,,,,
101,Flange Carrier,Mechanical,T,,, ,5TON,,5TON ,,,,,,,,,,,
102,Dark Black Google,Safety,T,6,Packet,6 Packet,,, ,,,,,,,,,,,
103,Tempory Gasket,Fitting,T,2,Roll,2 Roll,,, ,,,,,,,,,,,
104,Lockrote Backup Range,Fitting,T,,, ,"41mm X 1 5/8""",,"41mm X 1 5/8"" ",,,,,,,,,,,
105,Lockrote Backup Range,Fitting,T,2,Pcs,2 Pcs,"65mm X 2 9/16""",,"65mm X 2 9/16"" ",,,,,,,,,,,
106,Lockrote Backup Range,Fitting,T,4,Pcs,4 Pcs,"2 3/16""",,"2 3/16"" ",,,,,,,,,,,
107,Lockrote Backup Range,Fitting,T,4,Pcs,4 Pcs,"32mm X 1 1/4""",,"32mm X 1 1/4"" ",,,,,,,,,,,
108,Lockrote Backup Range,Fitting,T,3,Pcs,3 Pcs,"46mm X 1 13/16""",,"46mm X 1 13/16"" ",,,,,,,,,,,
109,Lockrote Backup Range,Fitting,T,4,Pcs,4 Pcs,"36mm X 1 7/16""",,"36mm X 1 7/16"" ",,,,,,,,,,,
110,Lockrote Backup Range,Fitting,T,5,Pcs,5 Pcs,"2""",,"2"" ",,,,,,,,,,,
111,Lockrote Backup Range,Fitting,T,1,Pcs,1 Pcs,"46mm X 1 13/16""",,"46mm X 1 13/16"" ",,,,,,,,,,,
112,4D Ring File,Fitting,T,30,Pcs,30 Pcs,"40mm X 2.25""",,"40mm X 2.25"" ",,,,,,,,,,,
113,4D Ring File,Fitting,T,16,Pac,16 Pac,"40mm X 2.5""",,"40mm X 2.5"" ",,,,,,,,,,,
114,4D Ring File,Fitting,T,32,Pac,32 Pac,"35mm X 2.0""",,"35mm X 2.0"" ",,,,,,,,,,,
115,4D Ring File,Fitting,T,8,Pcs,8 Pcs,"25mm X 1.5""",,"25mm X 1.5"" ",,,,,,,,,,,
116,Lever Arch File,Fitting,T,16,Pcs,16 Pcs,YELLOW,,YELLOW ,,,,,,,,,,,
117,Lever Arch File,Fitting,T,25,Pcs,25 Pcs,GREEN,,GREEN ,,,,,,,,,,,
118,4 Hole Paper Punch,Stationery,T,1,Pac,1 Pac,,, ,,,,,,,,,,,
119,Hp Mouse (Blu-Ray),Stationery,T,2,Pac,2 Pac,,, ,,,,,,,,,,,
120,Stapler,Stationery,T,2,Pcs,2 Pcs,,, ,,,,,,,,,,,
121,Duster,Stationery,T,2,Pcs,2 Pcs,,, ,,,,,,,,,,,
122,Carbide Hole Cutter,Fitting,T,4,Pcs,4 Pcs,"1-1/4""",,"1-1/4"" ",,,,,,,,,,,
123,Carbide Hole Cutter,Fitting,T,4,Pcs,4 Pcs,"1-1 1/2"" X 1-3/8""",,"1-1 1/2"" X 1-3/8"" ",,,,,,,,,,,
124,Carbide Hole Cutter,Fitting,T,4,Pcs,4 Pcs,"1-1/8""",,"1-1/8"" ",,,,,,,,,,,
125,Carbide Hole Cutter,Fitting,T,4,Pcs,4 Pcs,"5/8""",,"5/8"" ",,,,,,,,,,,
126,Carbide Hole Cutter,Fitting,T,4,Pcs,4 Pcs,"3/4""",,"3/4"" ",,,,,,,,,,,
127,Carbide Hole Cutter,Fitting,T,2,Pcs,2 Pcs,"1""",,"1"" ",,,,,,,,,,,
128,"Rope Shock, Absorbing Lanyard",Rigging ,T,2,Catoons,2 Catoons,,, ,,,,,,,,,,,
129,Yellow Helmet (Hard Hat),Safety,T,11,Pcs,11 Pcs,,, ,,,,,,,,,,,
130,White Helmet (Hard Hat),Safety,T,10,Pcs,10 Pcs,,, ,,,,,,,,,,,
131,Safty Boot,Safety,T,3,Pairs,3 Pairs,,, ,,,,,,,,,,,
132,Sd083 Anchorage Connector,Fitting,T,11,Pcs,11 Pcs,,, ,,,,,,,,,,,
133,Hand Glove,Safety,T,12,Pac,12 Pac,,, ,,,,,,,,,,,
134,Harness Safty Belt,Safety,T,5,Pcs,5 Pcs,,, ,,,,,,,,,,,
135,Lanyard,Rigging ,T,9,Pcs,9 Pcs,,, ,,,,,,,,,,,
136,Web Devices (Fail Arrest System),Safety,T,14,Pcs,14 Pcs,,, ,,,,,,,,,,,
137,Lokrite Backup Range,Fitting,T,3,Pcs,3 Pcs,"60mm X 2 3/8""",,"60mm X 2 3/8"" ",,,,,,,,,,,
138,Carbide Hole Cutter,Fitting,T,,, ,"17/8""",,"17/8"" ",,,,,,,,,,,
139,Paint Tray,Painting ,T,2,Pcs,2 Pcs,,, ,,,,,,,,,,,
140,Stainless Wire Brush,Fitting ,T,23,Pcs,23 Pcs,"4 1/2""",,"4 1/2"" ",,,,,,,,,,,
141,Stainless Wire Brush,Fitting ,T,12,Pcs,12 Pcs,"7""",,"7"" ",,,,,,,,,,,
142,Carbon Steel Wire Brush,Fitting ,T,13,Pcs,13 Pcs,"6""",,"6"" ",,,,,,,,,,,
143,Carbon Steel Wire Brush,Fitting ,T,30,Pcs,30 Pcs,"7""",,"7"" ",,,,,,,,,,,
144,Hand Sanitizer,Safety,T,9,Pcs,9 Pcs,,, ,,,,,,,,,,,
145,Hand Sanitizer,Safety,T,10,Pcs,10 Pcs,,, ,,,,,,,,,,,
146,Capitol Urine Drug Screen Collection Kit,Safety,T,10,Pcs,10 Pcs,,, ,,,,,,,,,,,
147,Rain Coat,Safety,T,9,Pcs,9 Pcs,,, ,,,,,,,,,,,
148,Rain Coat,Safety,T,,, ,,, ,,,,,,,,,,,
149,Rain Coat,Safety,T,5,Pcs,5 Pcs,,, ,,,,,,,,,,,
150,Rain Coat,Safety,T,4,Pcs,4 Pcs,,, ,,,,,,,,,,,
151,Ear Protector,Safety,T,4,Pair,4 Pair,,, ,,,,,,,,,,,
152,Safety Apron,Safety,T,11,Pcs,11 Pcs,,, ,,,,,,,,,,,
153,White Board,Stationery,T,1,Pc,1 Pc,,, ,,,,,,,,,,,
154,Coverall,Safety,T,2,Pcs,2 Pcs,,, ,,,,,,,,,,,
155,Harness Safty Belt,Safety,T,24,Pcs,24 Pcs,,, ,,,,,,,,,,,
156,Harness Safty Belt,Safety,T,39,Pcs,39 Pcs,,, ,,,,,,,,,,,
157,Insulation Barrier Material,Safety,T,10,Pcs,10 Pcs,,, ,,,,,,,,,,,
158,Hammer Wrench,Fitting,T,3,,3 ,2 x 3/16,Inches,2 x 3/16 Inches,,,,,,,,,,,
159,Hammer Wrench,Fitting,T,7,,7 ,1 x 13/16,Inches,1 x 13/16 Inches,,,,,,,,,,,
160,Hammer Wrench,Fitting,T,8,,8 ,1 x 5/8,Inches,1 x 5/8 Inches,,,,,,,,,,,
161,Hammer Wrench,Fitting,T,4,,4 ,2,Inches,2 Inches,,,,,,,,,,,
162,Hammer Wrench,Fitting,T,4,,4 ,1 x 3/4,Inches,1 x 3/4 Inches,,,,,,,,,,,
163,Hammer Wrench,Fitting,T,4,,4 ,8/7'',Inches,8/7'' Inches,,,,,,,,,,,
164,Hammer Wrench,Fitting,T,5,,5 ,2 x 3/8,Inches,2 x 3/8 Inches,,,,,,,,,,,
165,Hammer Wrench,Fitting,T,2,,2 ,2 x 15/16,Inches,2 x 15/16 Inches,,,,,,,,,,,
166,Hammer Wrench,Fitting,T,5,,5 ,1 x 7/16,Inches,1 x 7/16 Inches,,,,,,,,,,,
167,Hammer Wrench,Fitting,T,2,,2 ,3 x 1/8,Inches,3 x 1/8 Inches,,,,,,,,,,,
168,Hammer Wrench,Fitting,T,3,,3 ,1 x 7/8,Inches,1 x 7/8 Inches,,,,,,,,,,,
169,Hammer Wrench,Fitting,T,1,,1 ,2 x 1/16,Inches,2 x 1/16 Inches,,,,,,,,,,,
170,Hammer Wrench,Fitting,T,6,,6 ,1 x 1/4,Inches,1 x 1/4 Inches,,,,,,,,,,,
171,Hammer Wrench,Fitting,T,6,,6 ,1 x 1/16,Inches,1 x 1/16 Inches,,,,,,,,,,,
172,Hammer Wrench,Fitting,T,6,,6 ,1 x 1/18,Inches,1 x 1/18 Inches,,,,,,,,,,,
173,Hammer Wrench,Fitting,T,2,,2 ,3 x 1/2,Inches,3 x 1/2 Inches,,,,,,,,,,,
174,Stainless Steel (SS) Combination Spanner,Fitting,T,2,,2 ,1 x 7/16 ,Inches,1 x 7/16  Inches,,,,,,,,,,,
175,Carbon Steel (CS) Combination Spanner,Fitting,T,4,,4 ,1 x 7/16,Inches,1 x 7/16 Inches,,,,,,,,,,,
176,Combination Spanner,Fitting,T,4,,4 ,3 x 1/8,Inches,3 x 1/8 Inches,,,,,,,,,,,
177,SS Combination Spanner,Fitting,T,2,,2 ,2 x 3/16,Inches,2 x 3/16 Inches,,,,,,,,,,,
178,CS Combination Spanner,Fitting,T,4,,4 ,2 x 3/16,Inches,2 x 3/16 Inches,,,,,,,,,,,
179,CS Combination Spanner,Fitting,T,4,,4 ,2 x 3/8,Inches,2 x 3/8 Inches,,,,,,,,,,,
180,CS Combination Spanner,Fitting,T,4,,4 ,1 x 13/16,Inches,1 x 13/16 Inches,,,,,,,,,,,
181,SS Combination Spanner,Fitting,T,7,,7 ,1 x 7/8,Inches,1 x 7/8 Inches,,,,,,,,,,,
182,CS Combination Spanner,Fitting,T,4,,4 ,1 x 7/8,Inches,1 x 7/8 Inches,,,,,,,,,,,
183,SS Combination Spanner,Fitting,T,3,,3 ,2,Inches,2 Inches,,,,,,,,,,,
184,CS Combination Spanner,Fitting,T,2,,2 ,2,Inches,2 Inches,,,,,,,,,,,
185,CS Combination Spanner,Fitting,T,4,,4 ,3 x 1/2,Inches,3 x 1/2 Inches,,,,,,,,,,,
186,CS Combination Spanner,Fitting,T,4,,4 ,2 x 15/16,Inches,2 x 15/16 Inches,,,,,,,,,,,
187,SS Combination Spanner,Fitting,T,3,,3 ,1 x 1/16,Inches,1 x 1/16 Inches,,,,,,,,,,,
188,CS Combination Spanner,Fitting,T,5,,5 ,1 x 1/16,Inches,1 x 1/16 Inches,,,,,,,,,,,
189,SS Combination Spanner,Fitting,T,2,,2 ,1 x 1/4,Inches,1 x 1/4 Inches,,,,,,,,,,,
190,CS Combination Spanner,Fitting,T,4,,4 ,1 x 1/4,Inches,1 x 1/4 Inches,,,,,,,,,,,
191,SS Combination Spanner,Fitting,T,2,,2 ,27,Millimeter,27 Millimeter,,,,,,,,,,,
192,SS Combination Spanner,Fitting,T,1,,1 , 7/8,Inches,0.875 Inches,,,,,,,,,,,
193,SS Combination Spanner,Fitting,T,6,,6 ,1 x 1/8,Inches,1 x 1/8 Inches,,,,,,,,,,,
194,SS Combination Spanner,Fitting,T,5,,5 ,1 x 5/8,Inches,1 x 5/8 Inches,,,,,,,,,,,
195,Combination Spanner,Fitting,T,2,,2 ,6 x 32 ,mm x mm,6 x 32  mm x mm,,,,,,,,,,,
196,SS Combination Spanner,Fitting,T,6,,6 ,1 x 3/4,Inches,1 x 3/4 Inches,,,,,,,,,,,
197,Combination Spanner,Fitting,T,1,,1 ,19,Inches,19 Inches,,,,,,,,,,,
198,Combination Spanner (Complete set),Fitting,T,2,,2 ,6-32,mm,6-32 mm,,,,,,,,,,,
199,Combination Spanner,Fitting,T,2,,2 ,6,mm,6 mm,,,,,,,,,,,
200,Combination Spanner,Fitting,T,3,,3 ,8,mm,8 mm,,,,,,,,,,,
201,Combination Spanner,Fitting,T,2,,2 ,10,mm,10 mm,,,,,,,,,,,
202,Combination Spanner,Fitting,T,2,,2 ,12,mm,12 mm,,,,,,,,,,,
203,Combination Spanner,Fitting,T,2,,2 ,14,mm,14 mm,,,,,,,,,,,
204,Combination Spanner,Fitting,T,1,,1 ,17,mm,17 mm,,,,,,,,,,,
205,Combination Spanner,Fitting,T,2,,2 ,22,mm,22 mm,,,,,,,,,,,
206,Double Ring Spanner Set,Fitting,T,,, ,6-32,mm,6-32 mm,,,,,,,,,,,
207,Adjustable Spanner,Fitting,T,1,,1 ,15,inches,15 inches,,,,,,,,,,,
208,Adjustable Spanner,Fitting,T,21,,21 ,21,inches,21 inches,,,,,,,,,,,
209,Adjustable Spanner,Fitting,T,2,,2 ,8,inches,8 inches,,,,,,,,,,,
210,Torque Wrench (Force) 450-LBS,Fitting,T,1,,1 , 3/4,Inches,0.75 Inches,,,,,,,,,,,
211,Long Bar,Fitting,T,5,,5 ,5ft,Foot,5ft Foot,,,,,,,,,,,
212,Table Vice,Fitting,T,1,,1 ,8,inches,8 inches,,,,,,,,,,,
213,Rollers,Fitting,T,6,,6 ,NA,EA ,NA EA ,,,,,,,,,,,
214,Pipe Wrench ,Fitting,T,1,,1 ,36,Inches,36 Inches,,,,,,,,,,,
215,Pipe Wrench ,Fitting,T,4,,4 ,24,Inches,24 Inches,,,,,,,,,,,
216,Pipe Wrench ,Fitting,T,3,,3 ,14,Inches,14 Inches,,,,,,,,,,,
217,Pipe Wrench ,Fitting,T,2,,2 ,18,Inches,18 Inches,,,,,,,,,,,
218,Pipe Wrench ,Fitting,T,2,,2 ,12,Inches,12 Inches,,,,,,,,,,,
219,Pipe Cutter,Fitting,T,1,,1 ,1 - 2,Inches,1 - 2 Inches,,,,,,,,,,,
220,Pipe Cutter,Fitting,T,1,,1 ,1 - 3,inches,1 - 3 inches,,,,,,,,,,,
221,Rachet Wrench,Fitting,T,5,,5 ,21x 22,inches,21x 22 inches,,,,,,,,,,,
222,Rachet Wrench,Fitting,T,2,,2 ,19 x 21,inches,19 x 21 inches,,,,,,,,,,,
223,Scalling gun,Fitting,T,6,,6 ,NA,,NA ,,,,,,,,,,,
224,Craw Bar,Fitting,T,10,,10 ,3,Inches,3 Inches,,,,,,,,,,,
225,Craw Bar,Fitting,T,1,,1 ,2 1/2,Inches,2.5 Inches,,,,,,,,,,,
226,Craw Bar,Fitting,T,1,,1 ,2,Inches,2 Inches,,,,,,,,,,,
227,Craw Bar,Fitting,T,1,,1 ,1 1/2,Inches,1.5 Inches,,,,,,,,,,,
228,Sledge Hammer Carbon Steel,Fitting,T,1,,1 ,18,Pounds,18 Pounds,,,,,,,,,,,
229,Sledge Hammer Carbon Steel,Fitting,T,1,,1 ,16,Pounds,16 Pounds,,,,,,,,,,,
230,Sledge Hammer Carbon Steel,Fitting,T,1,,1 ,12,Pounds,12 Pounds,,,,,,,,,,,
231,Sledge Hammer Carbon Steel,Fitting,T,9,,9 ,8,Pounds,8 Pounds,,,,,,,,,,,
232,Sledge Hammer Carbon Steel,Fitting,T,1,,1 ,5,Pounds,5 Pounds,,,,,,,,,,,
233,Sledge Hammer Carbon Steel,Fitting,T,3,,3 ,4,Pounds,4 Pounds,,,,,,,,,,,
234,Sledge Hammer Carbon Steel,Fitting,T,2,,2 ,3,Pounds,3 Pounds,,,,,,,,,,,
235,Sledge Hammer Carbon Steel,Fitting,T,1,,1 ,2,Pounds,2 Pounds,,,,,,,,,,,
236,Sledge Hammer Carbon Steel,Fitting,T,1,,1 ,1 x 1/2,Pounds,1 x 1/2 Pounds,,,,,,,,,,,
237,Sledge Hammer Carbon Steel,Fitting,T,3,,3 ,1,Pounds,1 Pounds,,,,,,,,,,,
238,Steel Hammer,Fitting,T,3,,3 ,2,Pounds,2 Pounds,,,,,,,,,,,
239,Chipping Hammer,Fitting,T,7,,7 ,EA,EA ,EA EA ,,,,,,,,,,,
240,G-Clamp,Fitting,T,5,,5 ,4,Inches,4 Inches,,,,,,,,,,,
241,G-Clamp,Fitting,T,5,,5 ,6,Inches,6 Inches,,,,,,,,,,,
242,G-Clamp,Fitting,T,2,,2 ,8,Inches,8 Inches,,,,,,,,,,,
243,G-Clamp,Fitting,T,4,,4 ,12,Inches,12 Inches,,,,,,,,,,,
244,DG250C Die Grinder,Fitting,T,8,,8 ,,EA , EA ,,,,,,,,,,,
245,Grip Pliers,Fitting,T,4,,4 ,,EA , EA ,,,,,,,,,,,
246,Multipurpose Plier,Fitting,T,3,,3 ,,EA , EA ,,,,,,,,,,,
247,Hand held Cutter,Fitting,T,5,,5 ,,EA , EA ,,,,,,,,,,,
248,Channel Lock Plier,Fitting,T,3,,3 ,,EA , EA ,,,,,,,,,,,
249,Electrical Criping Plier,Fitting,T,1,,1 ,,EA , EA ,,,,,,,,,,,
250,Framming Square,Fitting,T,7,,7 ,2,Feet,2 Feet,,,,,,,,,,,
251,Framming Square,Fitting,T,1,,1 ,1,Feet,1 Feet,,,,,,,,,,,
252,Magnetic Plumb,Fitting,T,3,,3 ,4,Feet,4 Feet,,,,,,,,,,,
253,Magnetic Plumb,Fitting,T,1,,1 ,6,Feet,6 Feet,,,,,,,,,,,
254,Spirit Level,Fitting,T,5,,5 ,2,Inches,2 Inches,,,,,,,,,,,
255,Spirit Level,Fitting,T,9,,9 ,9,Inches,9 Inches,,,,,,,,,,,
256,Solid Punch,Fitting,T,10,,10 ,1/2 x 1 x 1/2 ,Inches,1/2 x 1 x 1/2  Inches,,,,,,,,,,,
257,Center Punch ,Fitting,T,2,,2 ,4,Inches,4 Inches,,,,,,,,,,,
258,Ring Spanner,Fitting,T,2,,2 ,6 x 32,mm x Inches,6 x 32 mm x Inches,,,,,,,,,,,
259,Screw Driver,Fitting,T,6,,6 ,1 x 3/8,Ft x Inches,1 x 3/8 Ft x Inches,,,,,,,,,,,
260,Screw Driver,Fitting,T,8,,8 ,1/3 x 6,Ft x Inches,1/3 x 6 Ft x Inches,,,,,,,,,,,
261,Screw Driver,Fitting,T,5,,5 ,10'' x 6,,10'' x 6 ,,,,,,,,,,,
262,Solid Steel Wedges,Fitting,T,5,,5 ,7,Inches,7 Inches,,,,,,,,,,,
263,Solid Steel Wedges,Fitting,T,5,,5 ,8,Inches,8 Inches,,,,,,,,,,,
264,Scrapper,Fitting,T,5,,5 ,2,inches,2 inches,,,,,,,,,,,
265,Scrapper,Fitting,T,5,,5 ,3,inches,3 inches,,,,,,,,,,,
266,Bastard Half Round File,Fitting,T,21,,21 ,1 1/2,Feet,1.5 Feet,,,,,,,,,,,
267,Victor Heating Nuzzle,Fitting,T,4,,4 ,1 1/2,Feet,1.5 Feet,,,,,,,,,,,
268,Victor Beveling Torch(Long),Fitting,T,1,,1 ,,EA , EA ,,,,,,,,,,,
269,Victor Beveling Torch(Long),Fitting,T,1,,1 ,,EA , EA ,,,,,,,,,,,
270,Victor Cutting Torch,Fitting,T,2,,2 ,,EA , EA ,,,,,,,,,,,
271,Flange Allignment Tools,Fitting,T,4,,4 ,1.125,Inches,1.125 Inches,,,,,,,,,,,
272,Flange Allignment Tools,Fitting,T,4,,4 ,2.625,Inches,2.625 Inches,,,,,,,,,,,
273,Flange Allignment Tools,Fitting,T,4,,4 ,2.375,Inches,2.375 Inches,,,,,,,,,,,
274,Flange Allignment Tools,Fitting,T,4,,4 ,2,Inches,2 Inches,,,,,,,,,,,
275,Flange Allignment Tools,Fitting,T,5,,5 ,1.75,Inches,1.75 Inches,,,,,,,,,,,
276,Flange Allignment Tools,Fitting,T,3,,3 ,1.625,Inches,1.625 Inches,,,,,,,,,,,
277,Flange Allignment Tools,Fitting,T,4,,4 ,7/8,Inches,7/8 Inches,,,,,,,,,,,
278,Flange Allignment Tools,Fitting,T,4,,4 ,1/2,Inches,1/2 Inches,,,,,,,,,,,
279,Flange Allignment Tools,Fitting,T,4,,4 ,2 1/8,Inches,2 1/8 Inches,,,,,,,,,,,
280,Flange Allignment Tools,Fitting,T,4,,4 ,1 7/8,Inches,1 7/8 Inches,,,,,,,,,,,
281,Flange Allignment Tools,Fitting,T,4,,4 ,1 5/8,Inches,1 5/8 Inches,,,,,,,,,,,
282,Flange Allignment Tools,Fitting,T,4,,4 ,1 3/4,Inches,1 3/4 Inches,,,,,,,,,,,
283,Flange Allignment Tools,Fitting,T,4,,4 ,1 1/2,Inches,1 1/2 Inches,,,,,,,,,,,
284,Flange Allignment Tools,Fitting,T,4,,4 ,1/3,Inches,1/3 Inches,,,,,,,,,,,
285,Flange Allignment Tools,Fitting,T,4,,4 ,1 ,Inches,1  Inches,,,,,,,,,,,
286,Flange Allignment Tools,Fitting,T,4,,4 ,3/4,Inches,3/4 Inches,,,,,,,,,,,
287,Flange Allignment Tools,Fitting,T,4,,4 ,5/8,Inches,5/8 Inches,,,,,,,,,,,
288,Collision Repair Set,Fitting,T,2,,2 ,10,Tons,10 Tons,,,,,,,,,,,
289,Fluke Insulator Testing Tool,Fitting,T,1,,1 ,,NA, NA,,,,,,,,,,,
290,Rigid Threader Blade,Fitting,T,1,,1 ,2,Inches,2 Inches,,,,,,,,,,,
291,Rigid Threader Blade,Fitting,T,1,,1 ,1 1/2,Inches,1.5 Inches,,,,,,,,,,,
292,Rigid Threader Blade,Fitting,T,1,,1 ,1 1/3,Inches,1.33333333333333 Inches,,,,,,,,,,,
293,Rigid Threader Blade,Fitting,T,1,,1 ,1,Inches,1 Inches,,,,,,,,,,,
294,Rigid Threader Blade,Fitting,T,1,,1 ,3/4,Inches,3/4 Inches,,,,,,,,,,,
295,Rigid Threader Blade,Fitting,T,1,,1 ,1/2,Inches,1/2 Inches,,,,,,,,,,,
296,Rigid Threader Rachet & Handle,Fitting,T,1,,1 ,,, ,,,,,,,,,,,
297,Hydraulic Cripping Tools,Fitting,T,1,,1 ,12,Tons,12 Tons,,,,,,,,,,,
298,Brass Cable Glands,Fitting,T,4,,4 ,3,Inches,3 Inches,,,,,,,,,,,
299,Fluke Thermometer,Quality,T,1,,1 ,NA,EA ,NA EA ,,,,,,,,,,,
300,Knock Out Punch Set With Wrench,Fitting,T,2,,2 ,NA,EA ,NA EA ,,,,,,,,,,,
301,Gasket Cutter Kit With Missing Unit,Fitting,T,1,,1 ,,, ,,,,,,,,,,,
302,Hose Repair Kit,Fitting,T,1,,1 ,,, ,,,,,,,,,,,
303,DR (Radder) Socket Wrench,Fitting,T,1,,1 ,,, ,,,,,,,,,,,
304,Argon Gauges USA Spec,Welding ,T,20,,20 ,,, ,,,,,,,,,,,
305,Argon Gauges Europe Spec,Welding ,T,2,,2 ,,, ,,,,,,,,,,,
306,Argon Gauges Broken USA Spec,Welding ,T,1,,1 ,,, ,,,,,,,,,,,
307,Oxygen Gauges,Welding ,T,5,,5 ,,, ,,,,,,,,,,,
308,Accetellene Gauges,Welding ,T,4,,4 ,,, ,,,,,,,,,,,
309,Accetellene Gauges Broken,Welding ,T,2,,2 ,,, ,,,,,,,,,,,
310,Powder Actuated Tool,Fitting,T,2,,2 ,,, ,,,,,,,,,,,
311,Powder Actuated Tool Charge,Fitting,T,2,,2 ,,, ,,,,,,,,,,,
312,Powder Actuated Tool Actual Battery,Fitting,T,1,,1 ,,, ,,,,,,,,,,,
313,Lufkin Tape Measure,Fitting,T,5,,5 ,30,m,30 m,,,,,,,,,,,
314,Stanly Measuring Tape,Fitting,T,4,,4 ,30,m,30 m,,,,,,,,,,,
315,Flip Front Goggle(Welder Mask),Welding,T,17,,17 ,,, ,,,,,,,,,,,
316,Fluke Multimeter 115,Electrical,T,1,,1 ,,, ,,,,,,,,,,,
317,Fluke True rms meter/temperature 87V,Electrical,T,1,,1 ,NA,EA ,NA EA ,,,,,,,,,,,
318,Fluke Clamp Meter 374 True-rms AC/DC,Electrical,T,1,,1 ,NA,EA ,NA EA ,,,,,,,,,,,
319,Red/Black Terminal Clamp,Electrical,T,2,,2 ,,Set, Set,,,,,,,,,,,
320,Air hose Binding Clips,Fitting,T,96,,96 ,1,Inches,1 Inches,,,,,,,,,,,
321,Cable Lug,Electrical,T,30,,30 ,70,mm,70 mm,,,,,,,,,,,
322,Alen Key,Fitting,T,1,,1 ,5mm - 15mm,mm,5mm - 15mm mm,,,,,,,,,,,
323,Whip Check ,Painting,T,18,,18 ,1/8 x 23,Inches,1/8 x 23 Inches,,,,,,,,,,,
324,Cable Lug,Electrical,T,14,,14 ,90,mm,90 mm,,,,,,,,,,,
325,Thread Taps,Fitting,T,15,,15 ,1/2,Inches,1/2 Inches,,,,,,,,,,,
326,Hilti Tap,Fitting,T,2,,2 ,NA,EA ,NA EA ,,,,,,,,,,,
327,Lenco CT-40FA Connectors(Cable Connector),Fitting,T,6,,6 ,40,mm  ,40 mm  ,,,,,,,,,,,
328,Victor Check Valve,Welding,T,6,,6 ,4,Size,4 Size,,,,,,,,,,,
329,Victor Check Valve,Welding,T,6,,6 ,1,Size,1 Size,,,,,,,,,,,
330,Victor Acetylene Cuting Tip,Welding,T,6,,6 ,1,Size,1 Size,,,,,,,,,,,
331,Victor Acetylene Cuting Tip,Welding,T,6,,6 ,2,Size,2 Size,,,,,,,,,,,
332,Victor Acetylene Cuting Tip,Welding,T,6,,6 ,3,Size,3 Size,,,,,,,,,,,
333,Victor Acetylene Cuting G Series,Welding,T,2,,2 ,3,Size,3 Size,,,,,,,,,,,
334,Elevation Measuring Stick (Survey Kits with Dumpy Level),Fitting,T,1,,1 ,,NA, NA,,,,,,,,,,,
335,Transformer ,Electrical,T,1,,1 ,220-100,Volts,220-100 Volts,,,,,,,,,,,
336,Scaffold Wrench Holder,Scaffolding,T,2,,2 ,,, ,,,,,,,,,,,
337,Hand Brush,Fitting,T,4,,4 ,2,Inches,2 Inches,,,,,,,,,,,
338,Cable Terminal,Electrical,T,1,,1 ,SC - 16 - 8 ,NA,SC - 16 - 8  NA,,,,,,,,,,,
339,Tripod Stand,Fitting,T,1,,1 ,,, ,,,,,,,,,,,
340,Dixon Nipple,Fitting,T,11,,11 ,,, ,,,,,,,,,,,
341,Flat Spanner Spanner Set,Fitting,T,2,,2 ,14-17 & 10-12,,14-17 & 10-12 ,,,,,,,,,,,
342,Stapler,Stationery,T,1,,1 ,,, ,,,,,,,,,,,
343,Extension Box,Electrical,T,1,,1 ,,, ,,,,,,,,,,,
344,Compress Gas Regulator,Painting,T,,, ,,, ,,,,,,,,,,,
345,Tempstik Test Kit,Welding,T,2,,2 ,,, ,,,,,,,,,,,
346,Hand Wire Brush,Fitting,T,15+14,,15+14 ,,, ,,,,,,,,,,,
347,Gas Detector,Safety,T,1,,1 ,,, ,,,,,,,,,,,
348,Nail Embedded Wood Saw,Fitting,T,33,,33 ,,, ,,,,,,,,,,,
349,Tig Cleaner,Welding,T,1,,1 ,,, ,,,,,,,,,,,
350,Office Magnets,Stationery,T,3,,3 ,,, ,,,,,,,,,,,
351,Blasting Nozzle,Painting,T,1,,1 ,,, ,,,,,,,,,,,
352,Gougers,Welding,T,2,,2 ,,, ,,,,,,,,,,,
353,Eye Wash,Safety,T,4,,4 ,,, ,,,,,,,,,,,
354,Rubber Splicing Tape,Fitting,T,5,,5 ,,, ,,,,,,,,,,,
355,Plum Bulb,Fitting,T,1,,1 ,,, ,,,,,,,,,,,
356,Alumina lava Cup ,Welding,T,2,,2 ,5,Inches,5 Inches,,,,,,,,,,,
357,Alumina lava Cup ,Welding,T,2,,2 ,6,Inches,6 Inches,,,,,,,,,,,
358,Alumina lava Cup ,Welding,T,1,,1 ,7,Inches,7 Inches,,,,,,,,,,,
359,Alumina lava Cup ,Welding,T,2,,2 ,10,Inches,10 Inches,,,,,,,,,,,
360,Alumina lava Cup ,Welding,T,1,,1 ,12,Inches,12 Inches,,,,,,,,,,,
361,Pressure Guage,Welding,T,1,,1 ,,, ,,,,,,,,,,,
362,One Complete Set of Drilling Bits,Fitting,T,,, ,9/16 - 1 x 1/16,,9/16 - 1 x 1/16 ,,,,,,,,,,,
363,Two Empty Case of Drilling Index,Fitting,T,,, ,1/16 - 1/2 by 1/64,,1/16 - 1/2 by 1/64 ,,,,,,,,,,,
364,Incomplete Drilling Set (1 - 13),Fitting,T,,, ,"2.5, 3, 3.5, 5.5, 6, 6.5, 7, 7.5,8",,"2.5, 3, 3.5, 5.5, 6, 6.5, 7, 7.5,8 ",,,,,,,,,,,
365,Incomplete Drilling Set (1 - 13),Fitting,T,,, ,"1, 2, 2.5, 3, 3.5, 5.5, 6, 6.5, 7, 7.5, 8, 12",,"1, 2, 2.5, 3, 3.5, 5.5, 6, 6.5, 7, 7.5, 8, 12 ",,,,,,,,,,,
366,Incomplete Drilling Set (1 - 13),Fitting,T,,, ,"1, 3, 3.5",,"1, 3, 3.5 ",,,,,,,,,,,
367,Incomplete Drilling Set (1 - 13),Fitting,T,,, ,"1, 2, 2.5, 3, 3.5, 5.5, 6, 6.5, 7, 7.5, 8, 8.5, 10",,"1, 2, 2.5, 3, 3.5, 5.5, 6, 6.5, 7, 7.5, 8, 8.5, 10 ",,,,,,,,,,,
368,Incomplete Drilling Set (1 - 13),Fitting,T,,, ,"1, 2, 2.5, 3, 3.5, 5.5, 6, 9",,"1, 2, 2.5, 3, 3.5, 5.5, 6, 9 ",,,,,,,,,,,
369,Incomplete Drilling Set (1/16 - 1/2),Fitting,T,,, ,"1/16, 5/64, 3/32, 7/64, 1/8, 9/64, 5/32, 11/64, 3/16, 13/64, 7/32, 15/64, 1/4, 17/64, 9/32, 5/16, 11/32, 23/64, 25/64, 13/32, 27/64, 7/16, 29/64, 15/32, 31/64, 1/2",,"1/16, 5/64, 3/32, 7/64, 1/8, 9/64, 5/32, 11/64, 3/16, 13/64, 7/32, 15/64, 1/4, 17/64, 9/32, 5/16, 11/32, 23/64, 25/64, 13/32, 27/64, 7/16, 29/64, 15/32, 31/64, 1/2 ",,,,,,,,,,,
370,Incomplete Drilling Set (1 - 13),Fitting,T,,, ,"1.5, 2, 2.5, 3, 3.5, 4, 4.5, 5, 5.5, 6, 7.5, 8, 8.5,9, 9.5, 13",,"1.5, 2, 2.5, 3, 3.5, 4, 4.5, 5, 5.5, 6, 7.5, 8, 8.5,9, 9.5, 13 ",,,,,,,,,,,
371,Thickened Pickling Gel for Stainless Steel,Quality,T,1,,1 ,EA,NA,EA NA,,,,,,,,,,,
372,KTC/HSS Drilling Bits,Fitting,T,239,,239 ,4.5,mm,4.5 mm,,,,,,,,,,,
373,HSS/Din 338,Fitting,T,103,,103 ,4,mm,4 mm,,,,,,,,,,,
374,Stainless Steel Bolts,Fitting,T,14,,14 ,7/8 x 7 1/2,inches,7/8 x 7 1/2 inches,,,,,,,,,,,
375,Welding Cable Female Connectors,Welding,T,34,,34 ,,EA, EA,,,,,,,,,,,
376,Welding Cable Male Connectors,Welding,T,1,,1 ,,EA, EA,,,,,,,,,,,
377,Welding Cable Terminal,Welding,T,1,,1 ,,EA, EA,,,,,,,,,,,
378,Sand Blasting Profile Guage,Paiting,T,2,,2 ,,Pcks, Pcks,,,,,,,,,,,
379,Echo meter,Safety,T,1,,1 ,,Pcks, Pcks,,,,,,,,,,,
380,Digital Welding Pyrometer,Welding,T,1,,1 ,,EA, EA,,,,,,,,,,,
381,Short Extension Cord,Electrical,T,2,,2 ,,EA, EA,,,,,,,,,,,
382,Cutting Plier,Fitting,T,1,,1 ,,EA, EA,,,,,,,,,,,
383,Hand Brush,Fitting,T,3,,3 ,,EA, EA,,,,,,,,,,,
384,Tripod Stand,Fitting,T,2,,2 ,,EA, EA,,,,,,,,,,,
385,Threaded-tee,Fitting,T,2,,2 ,,EA, EA,,,,,,,,,,,
386,Air Pressure Hose,Painting,T,1,,1 ,2,Inches,2 Inches,,,,,,,,,,,
387,Drilling Bits,Fitting,T,15,,15 ,15,mm,15 mm,,,,,,,,,,,
388,Drilling Bits,Fitting,T,17,,17 ,13,mm,13 mm,,,,,,,,,,,
389,Drilling Bits,Fitting,T,6,,6 ,10,mm,10 mm,,,,,,,,,,,
390,Dm 338 Stainless Steel Drilling Bits,Fitting,T,36,,36 ,4.5,mm,4.5 mm,,,,,,,,,,,
391,Welding X-ray Flim,Fitting,T,8,,8 ,EA,NA,EA NA,,,,,,,,,,,
392,Flange Spreaders,Fitting,T,4,,4 ,EA,NA,EA NA,,,,,,,,,,,
393,Socket with Wrench Set,Fitting,T,1,,1 ,EA,NA,EA NA,,,,,,,,,,,
394,Stainless Bolts,Fitting,T,24,,24 ,5'',Inches,5'' Inches,,,,,,,,,,,
395,Socket Extension,Electrical,T,1,,1 ,,NA, NA,,,,,,,,,,,
396,Angle Plier,Fitting,T,1,,1 ,,NA, NA,,,,,,,,,,,
397,Cutter,Fitting,T,2,,2 ,,NA, NA,,,,,,,,,,,
398,Soldering Iron,Fitting,T,1,,1 ,,NA, NA,,,,,,,,,,,
399,Cable peeler,Fitting,T,1,,1 ,,NA, NA,,,,,,,,,,,
400,Splitter Plier (Curve),Fitting,T,1,,1 ,,NA, NA,,,,,,,,,,,
401,Grip Pliers (Straight),Fitting,T,1,,1 ,,NA, NA,,,,,,,,,,,
402,Cable peeler,Fitting,T,1,,1 ,1 - 6,mm,1 - 6 mm,,,,,,,,,,,
403,Star Screws,Fitting,T,6,,6 ,,NA, NA,,,,,,,,,,,
404,Flat Screws,Fitting,T,5,,5 ,,NA, NA,,,,,,,,,,,
405,Stanley Knife,Fitting,T,1,,1 ,,NA, NA,,,,,,,,,,,
406,Flat File,Fitting,T,2,,2 ,,NA, NA,,,,,,,,,,,
407,Square File,Fitting,T,1,,1 ,,NA, NA,,,,,,,,,,,
408,Tester,Electrical,T,1,,1 ,,NA, NA,,,,,,,,,,,
409,Adjustable Spanner,Fitting,T,1,,1 ,,NA, NA,,,,,,,,,,,
410,Half Roll of Lead,Fitting,T,1,,1 ,,NA, NA,,,,,,,,,,,
411,Sockets with Wrench and Extension,Fitting,T,1,,1 ,4,inches,4 inches,,,,,,,,,,,
412,Sockets with Wrench and Extension,Fitting,T,,, ,4.5,inches,4.5 inches,,,,,,,,,,,
413,Sockets with Wrench and Extension,Fitting,T,,, ,10,inches,10 inches,,,,,,,,,,,
414,Sockets with Wrench and Extension,Fitting,T,,, ,6,inches,6 inches,,,,,,,,,,,
415,Sockets with Wrench and Extension,Fitting,T,,, ,7,inches,7 inches,,,,,,,,,,,
416,Sockets with Wrench and Extension,Fitting,T,,, ,8,inches,8 inches,,,,,,,,,,,
417,Sockets with Wrench and Extension,Fitting,T,,, ,9,inches,9 inches,,,,,,,,,,,
418,Sockets with Wrench and Extension,Fitting,T,,, ,11,inches,11 inches,,,,,,,,,,,
419,Sockets with Wrench and Extension,Fitting,T,,, ,12,inches,12 inches,,,,,,,,,,,
420,Sockets with Wrench and Extension,Fitting,T,,, ,13,inches,13 inches,,,,,,,,,,,
421,Malet Hammer,Fitting,T,1,,1 ,,EA, EA,,,,,,,,,,,
422,Small Hammer,Fitting,T,1,,1 ,,EA, EA,,,,,,,,,,,
423,Hammer,Fitting,T,1,,1 ,1,kg,1 kg,,,,,,,,,,,
424,Ball Hammer,Fitting,T,1,,1 ,,, ,,,,,,,,,,,
425,Torpedo Level,Fitting,T,1,,1 ,9,Inches,9 Inches,,,,,,,,,,,
426,White Electrical Tape,Electrical,T,9,,9 ,NA,EA,NA EA,,,,,,,,,,,
427,Red Electrical Tape,Electrical,T,1,,1 ,NA,EA,NA EA,,,,,,,,,,,
428,Flat Chisel,Fitting,T,1,,1 ,NA,EA,NA EA,,,,,,,,,,,
429,Vice Grips,Fitting,T,1,,1 ,NA,EA,NA EA,,,,,,,,,,,
430,Welding Cable Connectors (Female),Welding,T,37,,37 ,NA,EA,NA EA,,,,,,,,,,,
431,Splitting Wedge,Fitting,T,5,,5 ,4,Pound,4 Pound,,,,,,,,,,,
432,Cardlac,Other,T,1,,1 ,NA,EA,NA EA,,,,,,,,,,,
433,Band Saw Coil,Electrical,T,1,,1 ,NA,EA,NA EA,,,,,,,,,,,
434,Stainless Washer,Fittting,T,28,,28 ,2 1/2 X 4 1/2,Inches,2 1/2 X 4 1/2 Inches,,,,,,,,,,,
435,Stainless Washer,Fittting,T,24,,24 ,2 1/2 X 3 1/2,Inches,2 1/2 X 3 1/2 Inches,,,,,,,,,,,
436,Carbon Steel Bolts,Fittting,T,2,,2 ,14,Inches,14 Inches,,,,,,,,,,,
437,Carbon Steel Bolts,Fittting,T,1,,1 ,12,Inches,12 Inches,,,,,,,,,,,
438,Flat Spanner,Fittting,T,1,,1 ,30-32,mm,30-32 mm,,,,,,,,,,,
439,Heavy Duty Electric Plug (Male) (200-415V),Electrical,T,1,,1 ,63,Amp,63 Amp,,,,,,,,,,,
440,Chicago male Threaded Coupling,Painting,T,6,,6 ,1,Inches,1 Inches,,,,,,,,,,,
441,Chicago Hose Coupling,Painting,T,79,,79 ,79,Inches,79 Inches,,,,,,,,,,,
442,Chicago Hose Coupling,Painting,T,18,,18 ,1,Inches,1 Inches,,,,,,,,,,,
443,Hose Clips,Painting,T,9,,9 ,,, ,,,,,,,,,,,
444,Gas Lens,Safety,T,18,,18 ,1/8,Inches,1/8 Inches,,,,,,,,,,,
445,Alumium Gas Len- Nozzle (10 in a pack),Welding,T,10,,10 ,8,Inches,8 Inches,,,,,,,,,,,
446,Hose Ferrule,Painting,T,100,,100 ,3/4,Inches,3/4 Inches,,,,,,,,,,,
447,Collet Body (5 in a pack),Welding ,T,9,,9 ,1/8,Inches,1/8 Inches,,,,,,,,,,,
448,Collet (10 in a pack),Welding ,T,10,,10 ,1/8,Inches,1/8 Inches,,,,,,,,,,,
449,Valve Knob,Fitting,T,6,,6 ,9,Inches,9 Inches,,,,,,,,,,,
450,Ball Valve (Italy),Fitting,T,1,,1 ,1/2,Inches,1/2 Inches,,,,,,,,,,,
451,Ball Valve (XDS) (Stainless),Fitting,T,7,,7 ,1/2,Inches,1/2 Inches,,,,,,,,,,,
452,Bull Dog Clip,Fitting,T,24,,24 ,10,,10 ,,,,,,,,,,,
453,Bull Dog Clip,Fitting,T,19,,19 ,14,,14 ,,,,,,,,,,,
454,Bull Dog Clip,Fitting,T,22,,22 ,19,,19 ,,,,,,,,,,,
455,Quick Connect,Fitting,T,2,,2 ,3,,3 ,,,,,,,,,,,
456,Quick Connect,Fitting,T,1,,1 ,4,,4 ,,,,,,,,,,,
457,Quick Connect (Long),Fitting,T,18,,18 ,,, ,,,,,,,,,,,
458,Check Valve,Fitting,T,4,,4 ,1,,1 ,,,,,,,,,,,
459,Check Valve,Fitting,T,4,,4 ,4,,4 ,,,,,,,,,,,
460,Threaded Coupling Oxygen,Fitting,T,4,,4 ,,, ,,,,,,,,,,,
461,Threaded Coupling Acetylene,Fitting,T,2,,2 ,,, ,,,,,,,,,,,
462,Nipple,Fitting,T,25,,25 ,1 7/11 X 1/4,Inches,1 7/11 X 1/4 Inches,,,,,,,,,,,
463,Hose Splicer,Fitting,T,25,,25 ,1/4 X 1/4,Inches,1/4 X 1/4 Inches,,,,,,,,,,,
464,"N, Fuel (IBLH)",Fitting,T,25,,25 ,9/16,,9/16 ,,,,,,,,,,,
465,Foster Elastolar Sedant,Fitting,T,17,,17 ,,, ,,,,,,,,,,,
466,Pre-heating Torches (Small Size),Fitting,T,3,,3 ,,, ,,,,,,,,,,,
467,Temporal Gaskets,Fitting,T,1,,1 ,16,Inches,16 Inches,,,,,,,,,,,
468,Temporal Gaskets,Fitting,T,1,,1 ,17,Inches,17 Inches,,,,,,,,,,,
469,"N, Oxygen (IBRH)",Fitting,T,25,,25 ,9/16,Inches,9/16 Inches,,,,,,,,,,,
470,Alumina Gas Len-Nozzle (10 in each pack),Fitting,T,100,,100 ,4,Inches,4 Inches,,,,,,,,,,,
471,Alumina Gas Len-Nozzle (10 in each pack),Fitting,T,100,,100 ,6,Inches,6 Inches,,,,,,,,,,,
472,Alumina Gas Len-Nozzle (10 in each pack),Fitting,T,80,,80 ,10,Inches,10 Inches,,,,,,,,,,,
473,Alumina Gas Len-Nozzle (10 in each pack),Fitting,T,20,,20 ,12,Inches,12 Inches,,,,,,,,,,,
474,Spark Lighters,Fitting,T,20,,20 ,,, ,,,,,,,,,,,
475,Cold Chisel and Punch Set (Complete set),Fitting,T,1,,1 ,1/4 X 1/6,,1/4 X 1/6 ,,,,,,,,,,,
476,Flange Spreader without Hose and Pump (Hydraulic),Fitting,T,1,,1 ,,, ,,,,,,,,,,,
477,Cutting Torch Head (Used),Fitting,T,2,,2 ,,, ,,,,,,,,,,,
478,Spark Lighter Stones,Fitting,T,100,,100 ,,, ,,,,,,,,,,,
479,Victor Torch Nozzle Cleaners,Fitting,T,12,,12 ,,, ,,,,,,,,,,,
480,Stainless Flange WN 600LBS,Fitting,T,1,,1 ,2,Inches,2 Inches,,,,,,,,,,,
481,Carbon Steel Blind Flange  (Used),,T,1,,1 ,,, ,,,,,,,,,,,
482,"Incomplete Alen Key 1-10 (Size 5, 6 and 7 are missing)",,T,,, ,,, ,,,,,,,,,,,
483,Fire Water Flush Crestar,,T,3,,3 ,100,PSI,100 PSI,,,,,,,,,,,
484,Fire Water Hoses (White) (Discharge),,T,8,,8 ,,, ,,,,,,,,,,,
485,Fire Water Hoses (Black) (Sunction),,T,4,,4 ,,, ,,,,,,,,,,,
486,Light Duty Pipe Stand (Red),,T,6,,6 ,,, ,,,,,,,,,,,
487,Heavy Duty Pipe Stand (Dark blue),,T,8,,8 ,,, ,,,,,,,,,,,
488,Air Hoses,,T,4,,4 ,1,Inches,1 Inches,,,,,,,,,,,
489,Air Hoses,,T,1,,1 ,1/2,Inches,1/2 Inches,,,,,,,,,,,
490,Air Hoses,,T,1,,1 ,1 1/2,Inches,1 1/2 Inches,,,,,,,,,,,
491,Paint Tray,,T,14,,14 ,14,Inches,14 Inches,,,,,,,,,,,
492,Face Shield Frame,,T,21,,21 ,,, ,,,,,,,,,,,
493,GM Standard White Board (95 Frame type),,T,1,,1 ,120 X 180,CM,120 X 180 CM,,,,,,,,,,,
494,Paint Roller,,T,10,,10 ,,, ,,,,,,,,,,,
495,Life Jackets,,T,53,,53 ,,, ,,,,,,,,,,,
496,Life Jackets (Bad),,T,1,,1 ,,, ,,,,,,,,,,,
497,Fire Retardant,,T,1,,1 ,,, ,,,,,,,,,,,
498,Safety Coveralls,,T,2,,2 ,,, ,,,,,,,,,,,
499,Welding Jackets,,T,3,,3 ,,, ,,,,,,,,,,,
500,Heavy Duty (CE Style: A-78) Welding Long Sleeve,,T,7 (pair),,7 (pair) ,,, ,,,,,,,,,,,
501,Foam Bonding Tape,,T,1,,1 ,,, ,,,,,,,,,,,
502,Trolley with Bucket,,T,1,,1 ,,, ,,,,,,,,,,,
503,Alternator,,T,1,,1 ,,, ,,,,,,,,,,,
504,Electric Industrial Socket,,T,7,,7 ,16,Amps,16 Amps,,,,,,,,,,,
505,Electric Industrial Socket,,T,10,,10 ,32,Amps,32 Amps,,,,,,,,,,,
506,Stainless Bolts,,T,4,,4 ,4 X 1,Inches,4 X 1 Inches,,,,,,,,,,,
507,Karimma Fibre Glass Yam (Grey Color) (Mesh: 18 X 16) (Diam: 0.28mm),,T,9,,9 ,1.2 X 20,Meters,1.2 X 20 Meters,,,,,,,,,,,
508,Karimma Fibre Glass Yam (Grey Color) (Mesh: 18 X 16) (Diam: 0.28mm) (Used),,T,1,,1 ,1.2 X 20,Meters,1.2 X 20 Meters,,,,,,,,,,,
509,Karimma Fibre Glass Yam (White Color) (Mesh: 18 X 16) (Diam: 0.28mm),,T,1,,1 ,1.2 X 20,Meters,1.2 X 20 Meters,,,,,,,,,,,
510,Max Gold (Extra Energy Storage Battery),,T,1,,1 ,12,Volt,12 Volt,,,,,,,,,,,
511,Precious Sticker (High Grade) (Used),,T,1,,1 ,,, ,,,,,,,,,,,
512,Stainless Quick Connect (Long),,T,6,,6 ,1/2,Inches,1/2 Inches,,,,,,,,,,,
513,Stainless Quick Connect (Short),,T,6,,6 ,,, ,,,,,,,,,,,
514,Nipple,,T,6,,6 ,,, ,,,,,,,,,,,
515,Energy Saving Lamp,,T,2,,2 ,40,Watts,40 Watts,,,,,,,,,,,
516,Hydraulic Jack (Complete set),,T,1,,1 ,25,Ton,25 Ton,,,,,,,,,,,
517,GA 2 Gauge Adapter,,T,1,,1 ,,, ,,,,,,,,,,,
518,Pressure Gauge,,T,1,,1 ,1000,PSI,1000 PSI,,,,,,,,,,,
519,Copper Hammer (Used),,T,,, ,3,Kg,3 Kg,,,,,,,,,,,
520,Short Electric Cord,,T,1,,1 ,,, ,,,,,,,,,,,
521,Threaded Hose Connector,,T,1,,1 ,,, ,,,,,,,,,,,
522,Tri/Three Face Hose Connector,,T,6,,6 ,,, ,,,,,,,,,,,
523,Electrode Stabilizing Oven (Quivers),,T,2,,2 ,,, ,,,,,,,,,,,
524,Socket Wrench with Extension (Complete box),,T,1,,1 ,21-60,mm,21-60 mm,,,,,,,,,,,
525,Socket Wrench with Handle and Extension (Complete set) (2 set in a box),,T,2,,2 ,7/16-1 1/4 & 10-32,Inches & mm,7/16-1 1/4 & 10-32 Inches & mm,,,,,,,,,,,
526,Socket Wrench with Extension (Complete set) (2 set in a box),,T,1,,1 ,1/4-7/8 (Short socket),Inches,1/4-7/8 (Short socket) Inches,,,,,,,,,,,
527,Socket Wrench with Extension (Complete set) (2 set in a box),,T,,, ,3/8-7/8 (Long socket),Inches,3/8-7/8 (Long socket) Inches,,,,,,,,,,,
528,Socket Wrench with Extension (Complete set) (2 set in a box),,T,,, ,6-19 (Short socket),mm,6-19 (Short socket) mm,,,,,,,,,,,
529,Socket Wrench with Extension (Complete set) (2 set in a box),,T,,, ,11-19 (Long socket),mm,11-19 (Long socket) mm,,,,,,,,,,,
530,Karcher Washing Brush/Gum,,T,1,,1 ,,, ,,,,,,,,,,,
531,Brass Hammer Long,,T,4,,4 ,1,Kg,1 Kg,,,,,,,,,,,
532,Carbon Steel Hammer Long,,T,2,,2 ,1,Kg,1 Kg,,,,,,,,,,,
533,Carbon Steel Hammer Long,,T,2,,2 ,2,Kg,2 Kg,,,,,,,,,,,
534,Chipping Gun,,T,4,,4 ,,, ,,,,,,,,,,,
535,Cardlack,,T,1,,1 ,,, ,,,,,,,,,,,
536,Adjustable Spanner,,T,1,,1 ,12,Inches,12 Inches,,,,,,,,,,,
537,Half round file,,T,1,,1 ,,, ,,,,,,,,,,,
538,Rapround,,T,4,,4 ,,, ,,,,,,,,,,,
539,Earth with Cable,,T,2,,2 ,,, ,,,,,,,,,,,
540,Wire Brush,,T,9,,9 ,4,Inches,4 Inches,,,,,,,,,,,
541,Brass Wedge,,T,2,,2 ,,, ,,,,,,,,,,,
542,Short hand Sledge Hammer,,T,3,,3 ,2,Kg,2 Kg,,,,,,,,,,,
543,Brass Hammer Shorthand,,T,1,,1 ,1,Kg,1 Kg,,,,,,,,,,,
544,Chipping Hammer,,T,2,,2 ,,, ,,,,,,,,,,,
545,Safety Hard Hat,,T,5,,5 ,,, ,,,,,,,,,,,
546,Diesel/Gasoline Tank,,T,1,,1 ,25,litres,25 litres,,,,,,,,,,,
547,Pre-heating Torches with Hose and Compressed Gas Regulator,,T,1,,1 ,5/8,Inches,5/8 Inches,,,,,,,,,,,
548,Welding/Air Hose,,T,1/2,,1/2 ,,, ,,,,,,,,,,,
549,Hose Coupling with Short Hose (Used),,T,3,,3 ,1/2,Inches,1/2 Inches,,,,,,,,,,,
550,Nipple with Short Hose (Used),,T,12,,12 ,,EA, EA,,,,,,,,,,,
551,Quick Connect/Coupler with Short Hose (Used),,T,2,,2 ,,EA, EA,,,,,,,,,,,
552,Tig/Argon Head with Hose,,T,9,,9 ,,EA, EA,,,,,,,,,,,
553,Purging Hoses,,T,5,,5 ,,EA, EA,,,,,,,,,,,
554,Big/Industrial Umbrellas,,T,4,,4 ,,EA, EA,,,,,,,,,,,
555,Arc Welding Handle wth Head,,T,1,,1 ,,EA, EA,,,,,,,,,,,
556,Fluke Multimeter,,T,1,Set,1 Set,,, ,,,,,,,,,,,
557,Fire Pump Battery (12volt),,T,1,Pcs,1 Pcs,,, ,,,,,,,,,,,
558,3-Way Extention Cord ,,T,3,Pcs,3 Pcs,,, ,,,,,,,,,,,
559,Fibre Metal Welding Mask,,T,4,Pcs,4 Pcs,,, ,,,,,,,,,,,
560,Urrea Drive Socket Set with Accessories,,T,48,Pcs,48 Pcs,,, ,,,,,,,,,,,
561,Urrea Drive Socket Set with Accessories,,T,22,Pcs,22 Pcs,,, ,,,,,,,,,,,
562,Cold Chisel Cut Ferrule Set,,T,3,Sets,3 Sets,,, ,,,,,,,,,,,
563,Cold Chisel Cut Ferrule Set,,T,1,Set,1 Set,,, ,,,,,,,,,,,
564,Drill Pipe Tong,,T,2,Pcs,2 Pcs,,, ,,,,,,,,,,,
565,"Knot Wire Cup Brushes (4"")",,T,23,Pcs,23 Pcs,,, ,,,,,,,,,,,
566,Fall Arrestor (Self Retracting Device) - 30 feet,,T,6,Pcs,6 Pcs,,, ,,,,,,,,,,,
567,"12"" G-Clamps",,T,2,Pcs,2 Pcs,,, ,,,,,,,,,,,
568,"6"" G-Clamps",,T,3,Pcs,3 Pcs,,, ,,,,,,,,,,,
569,"4"" G-Clamps",,T,3,Pcs,3 Pcs,,, ,,,,,,,,,,,
570,"8"" G-Clamps",,T,1,Pcs,1 Pcs,,, ,,,,,,,,,,,
571,Pneumatic Needle Scaler,,T,4,Pcs,4 Pcs,,, ,,,,,,,,,,,
572,Flop Wheel Disc,,T,40,Pcs,40 Pcs,4.5,Inches,4.5 Inches,,,,,,,,,,,
573,"Lory Screwdriver Star 4 3/8"" 1ft long",,T,3,Pcs,3 Pcs,,, ,,,,,,,,,,,
574,"Lory Screwdriver StarFlat 4 3/8"" 1ft long",,T,3,Pcs,3 Pcs,,, ,,,,,,,,,,,
575,Hacksaw Frame + Blade,,T,1,Sets,1 Sets,,, ,,,,,,,,,,,
576,Spirit Level,,T,4,Pcs,4 Pcs,2,Feet,2 Feet,,,,,,,,,,,
577,Lufkin Steel Long Tape 30 meter,,T,2,Pcs,2 Pcs,,, ,,,,,,,,,,,
578,Grill Index - 9/16 - 1 (by 1/16),,T,1,Set,1 Set,,, ,,,,,,,,,,,
579,Tricombination Square,,T,4,Pcs,4 Pcs,,, ,,,,,,,,,,,
580,Protractor,,T,3,Pcs,3 Pcs,,, ,,,,,,,,,,,
581,Torpedo level,,T,6,Pcs,6 Pcs,9,Feet,9 Feet,,,,,,,,,,,
582,All purpose plier,,T,3,Pcs,3 Pcs,,, ,,,,,,,,,,,
583,"Drilling Index 1""-13""",,T,2,Set,2 Set,,, ,,,,,,,,,,,
584,Compass,,T,1,Pc,1 Pc,,, ,,,,,,,,,,,
585,Band-it Machine,,T,1,Pc,1 Pc,,, ,,,,,,,,,,,
586,Mallet Hammer,,T,1,Pc,1 Pc,,, ,,,,,,,,,,,
587,Assorted Drilling Bits,,T,9,Pcs,9 Pcs,,, ,,,,,,,,,,,
588,Centre Finder,,T,4,Pcs,4 Pcs,,, ,,,,,,,,,,,
589,Centre Punch,,T,1,Pcs,1 Pcs,,, ,,,,,,,,,,,
590,Half round (Bastard Files),,T,8,Pcs,8 Pcs,,, ,,,,,,,,,,,
591,Center Finder,,T,2,Pcs,2 Pcs,,, ,,,,,,,,,,,
592,Welding Earth Clamp,,T,5,Pcs,5 Pcs,,, ,,,,,,,,,,,
593,Welding / Repair Accessroies,,T,13,Pcs,13 Pcs,,, ,,,,,,,,,,,
594,Wedge,,T,6,Pcs,6 Pcs,,, ,,,,,,,,,,,
595,Dixon Quick Connect,,T,20,Pcs,20 Pcs,,, ,,,,,,,,,,,
596,Dixon DCP 1703,,T,10,Pcs,10 Pcs,,, ,,,,,,,,,,,
597,Flame Arrestor,,T,2,Pcs,2 Pcs,,, ,,,,,,,,,,,
598,Spark Light,,T,3,Pcs,3 Pcs,,, ,,,,,,,,,,,
599,Spark Light Split,,T,1,Pack,1 Pack,,, ,,,,,,,,,,,
600,Dixon DCP 1 Nipple,,T,10,Pcs,10 Pcs,,, ,,,,,,,,,,,
601,"1/8"" Profax Collect",,T,6,Pcs,6 Pcs,,, ,,,,,,,,,,,
602,"1/8"" Profax Gas Lens",,T,4,Pcs,4 Pcs,,, ,,,,,,,,,,,
603,Profax Gas Insullator,Welding,T,18,Pcs,18 Pcs,,, ,,,,,,,,,,,
604,"1/2"" Chicago Fitting (Hose End)",Painting,T,20,Pcs,20 Pcs,,, ,,,,,,,,,,,
605,Small Cutter,Fitting,T,3,Pcs,3 Pcs,,, ,,,,,,,,,,,
606,Rachet 19/21,Fitting,T,1,Pc,1 Pc,,, ,,,,,,,,,,,
607,Centre Punch,Fitting,T,3,Pcs,3 Pcs,,, ,,,,,,,,,,,
608,Hack Saw Blade,Fitting,T,2,Pcs,2 Pcs,,, ,,,,,,,,,,,
609,"Swage 1 1/2"" X 1 1/4"" Sch 80",Fitting,T,2,Pcs,2 Pcs,,, ,,,,,,,,,,,
610,Tip Cleaners,Welding,T,6,Pcs,6 Pcs,,, ,,,,,,,,,,,
611,"Ball Valve 1/2""",Painting,T,3,Pcs,3 Pcs,,, ,,,,,,,,,,,
612,"Ball Valve 1 1/2""",Painting,T,1,Pc,1 Pc,,, ,,,,,,,,,,,
613,15m Chalkline,Painting,T,2,Pcs,2 Pcs,,, ,,,,,,,,,,,
614,"1 1/2"" Chicago Fitting 4-Way",Painting,T,4,Pcs,4 Pcs,,, ,,,,,,,,,,,
615,"1/2"" Plug cap (Round)",Fitting,T,5,Pcs,5 Pcs,,, ,,,,,,,,,,,
616,"3/8"" x 1/2"" Nipples (Threaded)",Fitting,T,3,Pcs,3 Pcs,,, ,,,,,,,,,,,
617,"1/4"" x 1/2"" Nipples (Threaded)",Fitting,T,3,Pcs,3 Pcs,,, ,,,,,,,,,,,
618,"1/2"" x 1/2"" Brass",Fitting,T,2,Pcs,2 Pcs,,, ,,,,,,,,,,,
619,"5/8"" x 1/2"" Brass",Fitting,T,2,Pcs,2 Pcs,,, ,,,,,,,,,,,
620,"1/2"" Nipples (Threaded-Hose end)",Fitting,T,1,Pc,1 Pc,,, ,,,,,,,,,,,
621,"5/8"" Nipples (Threaded-Hose end)",Fitting,T,2,Pcs,2 Pcs,,, ,,,,,,,,,,,
622,"5/8""  Male Quick Connectors",Fitting,T,3,Pcs,3 Pcs,,, ,,,,,,,,,,,
623,"1/2"" Female Quick Connectors",Fitting,T,2,Pcs,2 Pcs,,, ,,,,,,,,,,,
624,Cutting tips - Size 1,Welding,T,23,Pcs,23 Pcs,,, ,,,,,,,,,,,
625,Cutting tips - Size 2,Welding,T,18,Pcs,18 Pcs,,, ,,,,,,,,,,,
626,Cutting tips - Size 3,Welding,T,14,Pcs,14 Pcs,,, ,,,,,,,,,,,
627,Oxygen Check Valves,Welding,T,4,Pcs,4 Pcs,,, ,,,,,,,,,,,
628,Acetylene Check Valves,Welding,T,4,Pcs,4 Pcs,,, ,,,,,,,,,,,
629,Carbide Burr (Planar Grinder),Fitting,T,10,Pcs,10 Pcs,,, ,,,,,,,,,,,
630,Oxygen Nipples,Welding,T,11,Pcs,11 Pcs,,, ,,,,,,,,,,,
631,Brass Wedge,Fitting,T,1,Pc,1 Pc, 9 1/2 x 1,Inches, 9 1/2 x 1 Inches,,,,,,,,,,,
632,Brass Wedge ,Fitting,T,3,Pcs,3 Pcs,6 1/2 x 1/2,Inches,6 1/2 x 1/2 Inches,,,,,,,,,,,
633,Brass Wedge ,Fitting,T,1,Pcs,1 Pcs,6 1/2 x 1/4,Inches,6 1/2 x 1/4 Inches,,,,,,,,,,,
634,Arrow pins,Fitting,T,49,Pcs,49 Pcs,,, ,,,,,,,,,,,
635,Adjustable Punch (4 hole),Fitting,T,4,Pcs,4 Pcs,,, ,,,,,,,,,,,
636,(Kangaroo) Punch (3-Hole),Fitting,T,2,Pcs,2 Pcs,,, ,,,,,,,,,,,
637,"1/2"" Hole Splitter",Fitting,T,3,Pcs,3 Pcs,,, ,,,,,,,,,,,
638,Cutting Torch,Welding,T,3,Pcs,3 Pcs,,, ,,,,,,,,,,,
639,Welding Cables ,Welding,T,9,Pcs,9 Pcs,50,Feet,50 Feet,,,,,,,,,,,
640,Welding Cables ,Welding,T,8,Pcs,8 Pcs,47,Feet,47 Feet,,,,,,,,,,,
641,Welding Cables ,Welding,T,1,Pcs,1 Pcs,33,Feet,33 Feet,,,,,,,,,,,
642,Welding Cables ,Welding,T,6,Pcs,6 Pcs,100,Feet,100 Feet,,,,,,,,,,,
643,Pvc Electric Wire & Cable ,Electrical,T,3,Roll,3 Roll,,, ,,,,,,,,,,,
644,Etension Cable (Yellow) ,Electrical,T,7,Pcs,7 Pcs,100,Feet,100 Feet,,,,,,,,,,,
645,Extension Cable (Black ) Without Plug ,Electrical,T,4,Pcs,4 Pcs,86,Feet,86 Feet,,,,,,,,,,,
646,Extension Cable (Black ) Without Plug ,Electrical,T,1,Pcs,1 Pcs,173,Feet,173 Feet,,,,,,,,,,,
647,Extension Cable (Black ) Without Plug ,Electrical,T,1,Pcs,1 Pcs,135,Feet,135 Feet,,,,,,,,,,,
648,Extension Cable (Black ) Without Plug ,Electrical,T,1,Pcs,1 Pcs,50,Feet,50 Feet,,,,,,,,,,,
649,Extension Cable (Black ) Without Plug ,Electrical,T,1,Pcs,1 Pcs,25,Feet,25 Feet,,,,,,,,,,,
650,Extension Cable (Black ) Without Plug ,Electrical,T,1,Pcs,1 Pcs,19,Feet,19 Feet,,,,,,,,,,,
651,Extension (With Drum ),Electrical,T,2,Pcs,2 Pcs,19,Feet,19 Feet,,,,,,,,,,,
652,Industrail Light With Cabble ,Electrical,T,6,Pcs,6 Pcs,100,Feet,100 Feet,,,,,,,,,,,
653,Rainboot ,Safety,T,11,Pcs,11 Pcs,,, ,,,,,,,,,,,
654,Welding Mask ,Welding,T,5,Pcs,5 Pcs,,, ,,,,,,,,,,,
655,Gouging Handle ,Welding,T,4,Pcs,4 Pcs,,, ,,,,,,,,,,,
656,Welding Cable Earth ,Welding,T,3,Pcs,3 Pcs,,, ,,,,,,,,,,,
657,Welding Cable Handle ,Welding,T,6,Pcs,6 Pcs,,, ,,,,,,,,,,,
658,Power brush (Corroded),Fitting,T,37,Pcs,37 Pcs,7,Inches,7 Inches,,,,,,,,,,,
659,Harness Belt ,Safety,T,14,Pcs,14 Pcs,,, ,,,,,,,,,,,
660,Coolers ,,T,5,Pcs,5 Pcs,,, ,,,,,,,,,,,
661,Fixed Front Googles ,Welding,T,,Pcs, Pcs,"2"" X 4"" ",Inches,"2"" X 4""  Inches",,,,,,,,,,,
662,Hose Grip (Hose Repair Kit),Welding,T,2 & 2,Packs,2 & 2 Packs,,, ,,,,,,,,,,,
663,Preheating Nozzle (Vector ) (Umh-1) ,Welding,T,1,Packs,1 Packs,,, ,,,,,,,,,,,
664,Vector Preheating Nozzle (5/10),Welding,T,2,Pcs,2 Pcs,,, ,,,,,,,,,,,
665,Vector Preheating Nozzle (3/10),Welding,T,2,Pcs,2 Pcs,,, ,,,,,,,,,,,
666,Vector Preheating Nozzle (Ui/A),Welding,T,2,Packs,2 Packs,,, ,,,,,,,,,,,
667,Spark Lighter,Welding,T,1,Packs,1 Packs,,, ,,,,,,,,,,,
668,Oxygen Regulator  (6PSI) ,Welding,T,,Pcs, Pcs,,, ,,,,,,,,,,,
669,Acetylene Regulator  (15PSI),Welding,T,,Pcs, Pcs,,, ,,,,,,,,,,,
670,Oxygen Acetylene Twin Hose,Welding,T,1,Pcs,1 Pcs,100,Meter,100 Meter,,,,,,,,,,,
671,Oxygen Acetylene Twin Hose,Welding,T,1,Pcs,1 Pcs,6,meter,6 meter,,,,,,,,,,,
672,Argon Hose- High Pressure,Welding,T,,Packs, Packs,100,Meter,100 Meter,,,,,,,,,,,
673,Hard hat,Safety,T,36,Pcs,36 Pcs,,, ,,,,,,,,,,,
674,Work gloves,Safety,T,23,Pairs,23 Pairs,,, ,,,,,,,,,,,
675,Safety Shoes ,Safety,T,1,Pcs,1 Pcs,Size 41,,Size 41 ,,,,,,,,,,,
676,Safety Shoes ,Safety,T,1,Pcs,1 Pcs,Size 42,,Size 42 ,,,,,,,,,,,
677,Safety Shoes,Safety,T,4,Pcs,4 Pcs,Size 43,,Size 43 ,,,,,,,,,,,
678,Raincoat Medium,Safety,T,8,Pcs,8 Pcs,Medium,,Medium ,,,,,,,,,,,
679,Raincoat Large,Safety,T,3,Pcs,3 Pcs,Large,,Large ,,,,,,,,,,,
680,Raincoat Xtra Large,Safety,T,5,Pcs,5 Pcs,Xtra Large,,Xtra Large ,,,,,,,,,,,
681,Divet,,T,16,Pcs,16 Pcs,,, ,,,,,,,,,,,
682,White Safety Glasses (Performer brand),Safety,T,40,Pcs,40 Pcs,,, ,,,,,,,,,,,
683,Dark Safety Glasses (Performer brand),Safety,T,16,Pcs,16 Pcs,,, ,,,,,,,,,,,
684,Safety Glasses (Uvex),Safety,T,19,Pcs,19 Pcs,,, ,,,,,,,,,,,
685,Coverall,Safety,T,13,Pcs,13 Pcs,,, ,,,,,,,,,,,
686,Reflector Jackets,Safety,T,12,Pcs,12 Pcs,,, ,,,,,,,,,,,
687,Fire extinguisher,Safety,T,8,Pcs,8 Pcs,,, ,,,,,,,,,,,
688,Air Hose (Black),Painting,T,1,PCS,1 PCS,"40M X1 1/2""",Meter x Inches,"40M X1 1/2"" Meter x Inches",,,,,,,,,,,
689,Air Hose (Black),Painting,T,1,PCS,1 PCS,1.5,Inches,1.5 Inches,,,,,,,,,,,
690,Air Hose (Black)Trenborg Aerokler,Painting,T,1,PCS,1 PCS,"1 1/4""",Inches,"1 1/4"" Inches",,,,,,,,,,,
691,Anaform (Pn 10/16) 54 Bar,Painting,T,1,PCS,1 PCS,"1/2""",Inches,"1/2"" Inches",,,,,,,,,,,
692,Anaform (Pn 15),Painting,T,1,PCS,1 PCS,"1""",Inches,"1"" Inches",,,,,,,,,,,
693,Air Hose (Red)(Type 58S),Painting,T,2,PCS,2 PCS,"2""",Inches,"2"" Inches",,,,,,,,,,,
694,Air Hose (Red),Painting,T,,PCS, PCS,"1 1/2""",Inches,"1 1/2"" Inches",,,,,,,,,,,
695,Blasting Hose ,Painting,T,3,PCS,3 PCS,"1 1/4""",Inches,"1 1/4"" Inches",,,,,,,,,,,
696,Air Hose ,Painting,T,1,PCS,1 PCS,"2""",Inches,"2"" Inches",,,,,,,,,,,
697,Air Hose ,Painting,T,3,PCS,3 PCS,"1 1/2""",Inches,"1 1/2"" Inches",,,,,,,,,,,
698,Air Hose ,Painting,T,1,PC,1 PC,"1""",Inches,"1"" Inches",,,,,,,,,,,
699,Airless Spray Line ,Painting,T,3,PCS,3 PCS,"65Ft X 1/4""",Feet x inches,"65Ft X 1/4"" Feet x inches",,,,,,,,,,,
700,Airless Spray Line ,Painting,T,4,PCS,4 PCS,"20M X 3/8""",Meter x Inches,"20M X 3/8"" Meter x Inches",,,,,,,,,,,
701,Breathing Line Hose ,Painting,T,1,PCS,1 PCS,"1/4""",Inches,"1/4"" Inches",,,,,,,,,,,
702,Air Hose (With Coupling -Fitting),Painting,T,4,PCS,4 PCS,"1/2""",Inches,"1/2"" Inches",,,,,,,,,,,
703,Air Hose (Without Coupling ),Painting,T,1,PCS,1 PCS,"1/2""",Inches,"1/2"" Inches",,,,,,,,,,,
704,Deadman Control Hose (Clemco),Painting,T,1,PCS,1 PCS,"1/4""",Inches,"1/4"" Inches",,,,,,,,,,,
705,Apollo Hood (Blasting Mask),Painting,T,2,PCS,2 PCS,,, ,,,,,,,,,,,
706,Apollo Hood (Blasting Mask),Painting,T,1,PCS,1 PCS,,, ,,,,,,,,,,,
707,Clemco-Apollo Hood(Blasting Mask),Painting,T,1,PCS,1 PCS,,, ,,,,,,,,,,,
708,Spraying Mask ,Painting,T,1,PCS,1 PCS,,, ,,,,,,,,,,,
709,Deadman Control Handle(Clemco),Painting,T,1,PCS,1 PCS,,, ,,,,,,,,,,,
710,Blastin Nozzle,Painting,T,2,PCS,2 PCS,,, ,,,,,,,,,,,
711,Blastin Nozzle-Atsd 8/50(20240),Painting,T,2,PCS,2 PCS,,, ,,,,,,,,,,,
712,Xtr-7-Airless Spray Gun,Painting,T,4,PCS,4 PCS,,, ,,,,,,,,,,,
713,Binks-Conventional Spray Gun,Painting,T,1,PC,1 PC,,, ,,,,,,,,,,,
714,Graco-Repair Xtreme 180Kct,Painting,T,2,PACK,2 PACK,,, ,,,,,,,,,,,
715,Visor Inner Screen Blasting ,Painting,T,29,PCS,29 PCS,"81/2"" X 41/4""",,"81/2"" X 41/4"" ",,,,,,,,,,,
716,Visor (Outter) Screen Blasting ,Painting,T,69,PCS,69 PCS,"10 1/2""X 5",,"10 1/2""X 5 ",,,,,,,,,,,
717,Visor (Outter) Screen Blasting ,Painting,T,5,PCS,5 PCS,"14"" X 5""",,"14"" X 5"" ",,,,,,,,,,,
718,Paint Mixer (Big),Painting,T,1,PCS,1 PCS,,, ,,,,,,,,,,,
719,Blasting Apron (Clemco),Painting,T,2,PCS,2 PCS,,, ,,,,,,,,,,,
720,Blasting Apron (Clemco),Painting,T,2,PCS,2 PCS,,, ,,,,,,,,,,,
721,"4Ways 2"" Female Threaded Hose Coupling",Painting,T,9,PCS,9 PCS,,, ,,,,,,,,,,,
722,Female Threaded Hose Coupling ,Painting,T,9,PCS,9 PCS,"1 1/4"" X 1 1/2""",Inches,"1 1/4"" X 1 1/2"" Inches",,,,,,,,,,,
723,Blasting  Hose Coupling ,Painting,T,9,PCS,9 PCS,"3"" X 1 1/4""",Inches,"3"" X 1 1/4"" Inches",,,,,,,,,,,
724,Blasting  Hose Coupling ,Painting,T,4,PCS,4 PCS,"4"" X 1 1/4""",Inches,"4"" X 1 1/4"" Inches",,,,,,,,,,,
725,Blasting Nozzle Holder ,Painting,T,4,PCS,4 PCS,"3""",Inches,"3"" Inches",,,,,,,,,,,
726,Plastic Blasting Hose Coupling ,Painting,T,2,PCS,2 PCS,"1 1/2""",Inches,"1 1/2"" Inches",,,,,,,,,,,
727,Sand Blasting Holder ,Painting,T,1,PC,1 PC,,Inches, Inches,,,,,,,,,,,
728,Ball Valve,Painting,T,3,PCS,3 PCS,"2""",Inches,"2"" Inches",,,,,,,,,,,
729,Female Threaded Chicago  Coupling ,Painting,T,7,PCS,7 PCS,"1 1/2""",Inches,"1 1/2"" Inches",,,,,,,,,,,
730,Male Threaded Chicago  Coupling ,Painting,T,6,PCS,6 PCS,"1 1/2""",Inches,"1 1/2"" Inches",,,,,,,,,,,
731,Female Threaded Chicago  Coupling ,Painting,T,12,PCS,12 PCS,"3 1/4 """,Inches,"3 1/4 "" Inches",,,,,,,,,,,
732,Male Threaded Chicago  Coupling ,Painting,T,10,PCS,10 PCS,"3 1/4 """,Inches,"3 1/4 "" Inches",,,,,,,,,,,
733,Female Threaded Chicago  Coupling ,Painting,T,1,PC,1 PC,"1""",Inches,"1"" Inches",,,,,,,,,,,
734,Male Threaded Chicago  Coupling ,Painting,T,1,PC,1 PC,"1""",Inches,"1"" Inches",,,,,,,,,,,
735,Quick Connect,Painting,T,4,PCS,4 PCS,"1/4""",Inches,"1/4"" Inches",,,,,,,,,,,
736,Air Host Coupling (Long)(Chicago),Painting,T,6,PCS,6 PCS,"1""",Inches,"1"" Inches",,,,,,,,,,,
737,Air Host Coupling (Short)(Chicago),Painting,T,3,PCS,3 PCS,"1""",Inches,"1"" Inches",,,,,,,,,,,
738,Air Host Coupling (4Ways)(Chicago),Painting,T,4,PCS,4 PCS,"1 1/2 ""(1"")",Inches,"1 1/2 ""(1"") Inches",,,,,,,,,,,
739,Air Hose Chicago Coupling ,Painting,T,9,PCS,9 PCS,"1/2""",Inches,"1/2"" Inches",,,,,,,,,,,
740,Male Threaded Bushing On Both Side (Chicago),Painting,T,1,PC,1 PC,"1 1/4""",Inches,"1 1/4"" Inches",,,,,,,,,,,
741,Male Threaded Bushing On Both Side (Steel),Painting,T,1,PC,1 PC,"211/4""",Inches,"211/4"" Inches",,,,,,,,,,,
742,Water Fire Hose Connector,Painting,T,1,PC,1 PC,"2 1/2""",Inches,"2 1/2"" Inches",,,,,,,,,,,
743,Chicago Coupling ,Painting,T,1,PC,1 PC,"1""",Inches,"1"" Inches",,,,,,,,,,,
744,Ball Valve ,Painting,T,1,PC,1 PC,"1""",Inches,"1"" Inches",,,,,,,,,,,
745,Threaded Elbow-Male & Female ,Painting,T,1,PC,1 PC,"1""",Inches,"1"" Inches",,,,,,,,,,,
746,Ball Valve Both Sides Threaded Coupling ,Painting,T,1,PC,1 PC,"2""",Inches,"2"" Inches",,,,,,,,,,,
747,4Ways Chicago Coulping ,Painting,T,1,PC,1 PC,"2""",Inches,"2"" Inches",,,,,,,,,,,
748,Airless Pump Mesh ,Painting,T,4,PCS,4 PCS,,Inches, Inches,,,,,,,,,,,
749,Blasting Hose Gasket ,Painting,T,1,PC,1 PC,"1 1/4""",Inches,"1 1/4"" Inches",,,,,,,,,,,
750,Hose Gasket ,Painting,T,8,PCS ,8 PCS ,"1""",Inches,"1"" Inches",,,,,,,,,,,
751,Clmeco Air Filter (Cpf),Painting,T,2,PCS ,2 PCS ,,, ,,,,,,,,,,,
752,Paint Strainer (Mosquitoe Net) ,Painting,T,0.5,ROLL,0.5 ROLL,,, ,,,,,,,,,,,
753,Graco (Genuine) Parts ,Painting,T,2,PACKS,2 PACKS,,, ,,,,,,,,,,,
754,Whip Check ,Painting,T,9,PCS,9 PCS,2FT,Feet,2FT Feet,,,,,,,,,,,
755,Whip Check ,Painting,T,3,PCS,3 PCS,3FT,Feet,3FT Feet,,,,,,,,,,,
756,Preheating (Weld ) Hose ,Painting,T,2,PCS,2 PCS,,, ,,,,,,,,,,,
757,Preheating Torch Head ,Painting,T,2,PCS,2 PCS,"22""",Inches,"22"" Inches",,,,,,,,,,,
758,Electrode Quiver ,Painting,T,3,PCS,3 PCS,,, ,,,,,,,,,,,
759,Table Vice ,Fitting,T,1,PCS,1 PCS,,, ,,,,,,,,,,,
